{
  "Component.js": 1710354363986,
  "controller/Main.controller.js": 1710990119344,
  "model/models.js": 1710354363990,
  "manifest.json": 1710996729549,
  "controller/App.controller.js": 1710354363990,
  "i18n/i18n.properties": 1710354382786,
  "Component-preload.js": 1710996729890,
  "model/models-dbg.js": 1710354363990,
  "controller/Main-dbg.controller.js": 1710990119344,
  "controller/App-dbg.controller.js": 1710354363990,
  "Component-dbg.js": 1710354363986,
  "view/Main.view.xml": 1710909434576,
  "view/App.view.xml": 1710354363994,
  "css/style.css": 1710354363994,
  "index.html": 1710357107231
}