{
  "manifest.json": 1741632262641,
  "i18n/i18n.properties": 1741631713325,
  "model/models.js": 1741631713325,
  "controller/Main.controller.js": 1741631713325,
  "controller/App.controller.js": 1741631713325,
  "Component.js": 1741631713325,
  "Component-preload.js": 1741632262746,
  "controller/App-dbg.controller.js": 1741631713325,
  "controller/Main-dbg.controller.js": 1741631713325,
  "model/models-dbg.js": 1741631713325,
  "Component-dbg.js": 1741631713325,
  "view/Main.view.xml": 1741631713325,
  "view/App.view.xml": 1741631713325,
  "css/style.css": 1741631713325,
  "index.html": 1741631713325
}