{
  "Component.js": 1731527513643,
  "model/models.js": 1731527513643,
  "manifest.json": 1732138110564,
  "controller/Main.controller.js": 1731527513643,
  "controller/App.controller.js": 1731527513643,
  "i18n/i18n.properties": 1731527513643,
  "Component-preload.js": 1732138110871,
  "model/models-dbg.js": 1731527513643,
  "controller/Main-dbg.controller.js": 1731527513643,
  "controller/App-dbg.controller.js": 1731527513643,
  "Component-dbg.js": 1731527513643,
  "view/Main.view.xml": 1731527513643,
  "view/App.view.xml": 1731527513643,
  "css/style.css": 1731527513643,
  "index.html": 1731527513643
}